{
    "result_sample": [
        7.209659068474973e-07,
        7.880514204111642e-07,
        8.386397569637789e-07,
        8.783987823463598e-07,
        9.429716125230881e-07
    ],
    "data_processed": 10000,
    "operations_performed": 20,
    "execution_time_seconds": 2.18977689743042,
    "status": "completed"
}