{
    "result_sample": [
        2.2992038606833163e-06,
        2.1471344684010445e-06,
        2.0418647572359735e-06,
        2.2364480399855438e-06,
        2.4271876754389707e-06
    ],
    "data_processed": 10000,
    "operations_performed": 20,
    "execution_time_seconds": 2.12432599067688,
    "status": "completed"
}