{
    "result_sample": [
        1.1645126937955056e-06,
        1.1371812388069941e-06,
        1.2408982832305167e-06,
        1.1952305047132864e-06,
        1.1106373477600059e-06
    ],
    "data_processed": 10000,
    "operations_performed": 20,
    "execution_time_seconds": 2.1190481185913086,
    "status": "completed"
}