{
    "result_sample": [
        3.0026489030135067e-06,
        2.7787927336400183e-06,
        2.754742061250822e-06,
        2.5503315707381917e-06,
        2.6718083764843778e-06
    ],
    "data_processed": 10000,
    "operations_performed": 20,
    "execution_time_seconds": 2.183346748352051,
    "status": "completed"
}