{
    "result_sample": [
        1.1516932053597677e-06,
        1.2509262064371191e-06,
        1.311408778951015e-06,
        1.4461669929211946e-06,
        1.3511000996889702e-06
    ],
    "data_processed": 10000,
    "operations_performed": 20,
    "execution_time_seconds": 2.1875741481781006,
    "status": "completed"
}