{
    "result_sample": [
        1.2120915216962808e-06,
        1.3372410380351814e-06,
        1.2993382954844547e-06,
        1.424571907216473e-06,
        1.49747952170356e-06
    ],
    "data_processed": 10000,
    "operations_performed": 20,
    "execution_time_seconds": 2.2028698921203613,
    "status": "completed"
}